env_steps,mean_return
1.000000000000000000e+02,-4.140467569231987000e-02
